Use AutoRental;

-- Ciudades
INSERT INTO Ciudades (Nombre) VALUES
('Bogotá'),
('Medellín'),
('Cali'),
('Barranquilla'),
('Cartagena'),
('Cúcuta'),
('Bucaramanga'),
('Pereira'),
('Manizales'),
('Santa Marta'),
('Ibagué'),
('Pasto'),
('Armenia'),
('Montería'),
('Valledupar'),
('Villavicencio'),
('Neiva'),
('Tunja'),
('Popayán'),
('Riohacha');

-- Sucursales
INSERT INTO Sucursales (Ciudad, Direccion, Telefono_fijo, Celular, Email, Id_ciudad) VALUES
('Tunja', 'Transversal 45 #12-56', '663-4473', '341706975', 'sucursal1@empresa.com', 18),
('Neiva', 'Avenida Central #100-200', '651-9151', '390237813', 'sucursal2@empresa.com', 17),
('Pasto', 'Carrera 7 #18-42', '880-2912', '316558795', 'sucursal3@empresa.com', 12),
('Popayán', 'Carrera 50 #40-60', '892-2147', '376737101', 'sucursal4@empresa.com', 19),
('Manizales', 'Carrera 15 #25-30', '664-9009', '323990276', 'sucursal5@empresa.com', 9),
('Riohacha', 'Transversal 45 #12-56', '656-7475', '382240941', 'sucursal6@empresa.com', 20),
('Bogotá', 'Calle 72 #89-100', '655-8161', '372388412', 'sucursal7@empresa.com', 1),
('Cartagena', 'Calle 13 #50-15', '645-8929', '320128703', 'sucursal8@empresa.com', 5),
('Ibagué', 'Carrera 8 #22-33', '705-6199', '354371596', 'sucursal9@empresa.com', 11),
('Medellín', 'Transversal 45 #12-56', '621-1754', '332603837', 'sucursal10@empresa.com', 2),
('Bucaramanga', 'Carrera 8 #22-33', '639-1897', '342734471', 'sucursal11@empresa.com', 7),
('Bogotá', 'Avenida Central #100-200', '897-3255', '350531217', 'sucursal12@empresa.com', 1),
('Villavicencio', 'Carrera 50 #40-60', '652-9916', '356496344', 'sucursal13@empresa.com', 16),
('Pasto', 'Diagonal 23 #45-67', '793-8032', '354763884', 'sucursal14@empresa.com', 12),
('Cartagena', 'Carrera 50 #40-60', '869-6010', '372278120', 'sucursal15@empresa.com', 5),
('Riohacha', 'Avenida las Flores #55', '626-4011', '314299430', 'sucursal16@empresa.com', 20),
('Santa Marta', 'Carrera 8 #22-33', '680-3351', '352709612', 'sucursal17@empresa.com', 10),
('Armenia', 'Avenida las Flores #55', '806-4874', '338846714', 'sucursal18@empresa.com', 13),
('Villavicencio', 'Avenida las Flores #55', '718-5678', '345583713', 'sucursal19@empresa.com', 16),
('Riohacha', 'Diagonal 23 #45-67', '668-1945', '396971960', 'sucursal20@empresa.com', 20),
('Pasto', 'Avenida Siempre Viva #123', '887-2862', '360941277', 'sucursal21@empresa.com', 12),
('Villavicencio', 'Carrera 50 #40-60', '663-2727', '325122127', 'sucursal22@empresa.com', 16),
('Armenia', 'Calle 10 #5-20', '864-4327', '394780942', 'sucursal23@empresa.com', 13),
('Pasto', 'Diagonal 23 #45-67', '739-9787', '377128245', 'sucursal24@empresa.com', 12),
('Bogotá', 'Calle 10 #5-20', '717-1484', '351864159', 'sucursal25@empresa.com', 1),
('Montería', 'Calle 10 #5-20', '757-6299', '311695688', 'sucursal26@empresa.com', 14),
('Neiva', 'Calle 72 #89-100', '679-9043', '357481961', 'sucursal27@empresa.com', 17),
('Villavicencio', 'Avenida Siempre Viva #123', '870-7178', '350932827', 'sucursal28@empresa.com', 16),
('Cúcuta', 'Calle 13 #50-15', '808-1164', '344110180', 'sucursal29@empresa.com', 6),
('Armenia', 'Carrera 50 #40-60', '675-6339', '371206817', 'sucursal30@empresa.com', 13),
('Tunja', 'Carrera 50 #40-60', '668-8621', '326387592', 'sucursal31@empresa.com', 18),
('Tunja', 'Avenida las Flores #55', '891-1979', '346430875', 'sucursal32@empresa.com', 18),
('Tunja', 'Calle 10 #5-20', '834-8172', '399290105', 'sucursal33@empresa.com', 18),
('Tunja', 'Avenida Siempre Viva #123', '789-9514', '358382173', 'sucursal34@empresa.com', 18),
('Pereira', 'Carrera 8 #22-33', '703-5140', '394924628', 'sucursal35@empresa.com', 8),
('Cali', 'Transversal 45 #12-56', '672-2747', '391347395', 'sucursal36@empresa.com', 3),
('Popayán', 'Diagonal 23 #45-67', '627-4401', '362144950', 'sucursal37@empresa.com', 19),
('Villavicencio', 'Avenida Siempre Viva #123', '841-7228', '383780419', 'sucursal38@empresa.com', 16),
('Riohacha', 'Carrera 15 #25-30', '696-1657', '385305556', 'sucursal39@empresa.com', 20),
('Barranquilla', 'Carrera 7 #18-42', '623-1839', '374807324', 'sucursal40@empresa.com', 4),
('Riohacha', 'Carrera 15 #25-30', '614-3679', '316617825', 'sucursal41@empresa.com', 20),
('Medellín', 'Calle 10 #5-20', '864-6119', '350508437', 'sucursal42@empresa.com', 2),
('Valledupar', 'Carrera 15 #25-30', '710-6142', '369282759', 'sucursal43@empresa.com', 15),
('Popayán', 'Calle 72 #89-100', '747-8088', '369216155', 'sucursal44@empresa.com', 19),
('Popayán', 'Avenida Siempre Viva #123', '753-3387', '370980781', 'sucursal45@empresa.com', 19),
('Pereira', 'Calle 13 #50-15', '612-3948', '349275440', 'sucursal46@empresa.com', 8),
('Pereira', 'Avenida las Flores #55', '866-8151', '336458235', 'sucursal47@empresa.com', 8),
('Neiva', 'Carrera 15 #25-30', '642-4806', '342547643', 'sucursal48@empresa.com', 17),
('Medellín', 'Transversal 45 #12-56', '823-7001', '395987719', 'sucursal49@empresa.com', 2),
('Medellín', 'Calle 72 #89-100', '675-3683', '358306414', 'sucursal50@empresa.com', 2),
('Villavicencio', 'Carrera 7 #18-42', '738-2419', '334561497', 'sucursal51@empresa.com', 16),
('Bucaramanga', 'Carrera 15 #25-30', '834-9713', '350836658', 'sucursal52@empresa.com', 7),
('Ibagué', 'Carrera 8 #22-33', '869-9686', '386198142', 'sucursal53@empresa.com', 11),
('Armenia', 'Diagonal 23 #45-67', '678-8133', '380672709', 'sucursal54@empresa.com', 13),
('Riohacha', 'Carrera 50 #40-60', '813-1926', '391908266', 'sucursal55@empresa.com', 20),
('Pereira', 'Avenida las Flores #55', '759-4698', '310648554', 'sucursal56@empresa.com', 8),
('Popayán', 'Avenida Central #100-200', '635-7012', '380192183', 'sucursal57@empresa.com', 19),
('Ibagué', 'Calle 72 #89-100', '705-4528', '331310313', 'sucursal58@empresa.com', 11),
('Neiva', 'Avenida Central #100-200', '847-3288', '358681654', 'sucursal59@empresa.com', 17),
('Pereira', 'Calle 10 #5-20', '717-4606', '383252804', 'sucursal60@empresa.com', 8),
('Popayán', 'Transversal 45 #12-56', '702-2316', '365537172', 'sucursal61@empresa.com', 19),
('Armenia', 'Carrera 50 #40-60', '616-1967', '370885114', 'sucursal62@empresa.com', 13),
('Pasto', 'Diagonal 23 #45-67', '817-3526', '337143152', 'sucursal63@empresa.com', 12),
('Ibagué', 'Calle 72 #89-100', '627-9498', '310616186', 'sucursal64@empresa.com', 11),
('Medellín', 'Avenida Central #100-200', '858-3850', '352824913', 'sucursal65@empresa.com', 2),
('Armenia', 'Calle 72 #89-100', '664-2465', '320807435', 'sucursal66@empresa.com', 13),
('Medellín', 'Calle 13 #50-15', '858-3972', '369297594', 'sucursal67@empresa.com', 2),
('Cúcuta', 'Calle 10 #5-20', '761-6803', '373402291', 'sucursal68@empresa.com', 6),
('Cali', 'Avenida Central #100-200', '691-5853', '366243406', 'sucursal69@empresa.com', 3),
('Manizales', 'Calle 72 #89-100', '844-3941', '334756829', 'sucursal70@empresa.com', 9),
('Riohacha', 'Avenida Central #100-200', '649-8620', '382201650', 'sucursal71@empresa.com', 20),
('Medellín', 'Calle 72 #89-100', '817-8561', '322959775', 'sucursal72@empresa.com', 2),
('Barranquilla', 'Calle 10 #5-20', '750-5614', '357142497', 'sucursal73@empresa.com', 4),
('Manizales', 'Avenida Siempre Viva #123', '634-1881', '339847138', 'sucursal74@empresa.com', 9),
('Villavicencio', 'Calle 10 #5-20', '620-4339', '366920209', 'sucursal75@empresa.com', 16),
('Bogotá', 'Calle 13 #50-15', '627-1660', '332495954', 'sucursal76@empresa.com', 1),
('Ibagué', 'Carrera 15 #25-30', '739-8934', '349206811', 'sucursal77@empresa.com', 11),
('Tunja', 'Avenida Siempre Viva #123', '860-5798', '335639573', 'sucursal78@empresa.com', 18),
('Tunja', 'Calle 13 #50-15', '741-7240', '392726491', 'sucursal79@empresa.com', 18),
('Cúcuta', 'Carrera 7 #18-42', '774-8773', '310383332', 'sucursal80@empresa.com', 6),
('Cartagena', 'Calle 10 #5-20', '740-1324', '373490122', 'sucursal81@empresa.com', 5),
('Popayán', 'Carrera 50 #40-60', '820-3494', '393497451', 'sucursal82@empresa.com', 19),
('Medellín', 'Carrera 15 #25-30', '873-9768', '346419905', 'sucursal83@empresa.com', 2),
('Medellín', 'Calle 10 #5-20', '728-1394', '321381287', 'sucursal84@empresa.com', 2),
('Cali', 'Diagonal 23 #45-67', '606-3340', '321935356', 'sucursal85@empresa.com', 3),
('Bogotá', 'Carrera 8 #22-33', '694-4227', '361355769', 'sucursal86@empresa.com', 1),
('Barranquilla', 'Avenida Siempre Viva #123', '821-6876', '398905109', 'sucursal87@empresa.com', 4),
('Manizales', 'Carrera 8 #22-33', '616-6971', '319326893', 'sucursal88@empresa.com', 9),
('Santa Marta', 'Carrera 15 #25-30', '735-1223', '393846815', 'sucursal89@empresa.com', 10),
('Bogotá', 'Calle 72 #89-100', '656-2919', '385316420', 'sucursal90@empresa.com', 1),
('Pereira', 'Carrera 8 #22-33', '644-8665', '384471443', 'sucursal91@empresa.com', 8),
('Santa Marta', 'Carrera 7 #18-42', '692-8044', '310647350', 'sucursal92@empresa.com', 10),
('Armenia', 'Avenida Central #100-200', '773-5108', '332260915', 'sucursal93@empresa.com', 13),
('Valledupar', 'Avenida las Flores #55', '782-6075', '357214492', 'sucursal94@empresa.com', 15),
('Bogotá', 'Calle 72 #89-100', '756-6006', '392131699', 'sucursal95@empresa.com', 1),
('Barranquilla', 'Calle 72 #89-100', '828-9200', '328135957', 'sucursal96@empresa.com', 4),
('Santa Marta', 'Avenida las Flores #55', '870-3767', '322442368', 'sucursal97@empresa.com', 10),
('Pasto', 'Avenida Central #100-200', '693-6983', '338996271', 'sucursal98@empresa.com', 12),
('Tunja', 'Avenida las Flores #55', '899-3833', '312884831', 'sucursal99@empresa.com', 18),
('Cartagena', 'Carrera 15 #25-30', '822-8945', '313112170', 'sucursal100@empresa.com', 5);

-- Empleados
INSERT INTO Empleados (Cedula, Nombre, Apellido, Direccion, Ciudad, Celular, Email, Id_Sucursal, Id_ciudad) VALUES
('65137311-8', 'Carlos', 'Pérez', 'Calle 72 #89-100', 'Neiva', '379448561', 'carlos.pérez17@empresa.com', 25, 17),
('91714337-8', 'María', 'Rodríguez', 'Avenida Central #100-200', 'Pereira', '310528149', 'maría.rodríguez61@empresa.com', 60, 8),
('11327806-7', 'Carlos', 'Ríos', 'Transversal 45 #12-56', 'Cali', '355619945', 'carlos.ríos69@empresa.com', 15, 3),
('92124829-1', 'Andrea', 'González', 'Carrera 50 #40-60', 'Neiva', '376498776', 'andrea.gonzález58@empresa.com', 54, 17),
('29321373-2', 'Camila', 'García', 'Carrera 15 #25-30', 'Montería', '367777884', 'camila.garcía9@empresa.com', 81, 14),
('35734108-8', 'Juan', 'Gómez', 'Transversal 45 #12-56', 'Neiva', '376237532', 'juan.gómez78@empresa.com', 31, 17),
('31110091-5', 'Laura', 'Torres', 'Carrera 15 #25-30', 'Bogotá', '329534256', 'laura.torres96@empresa.com', 1, 1),
('34070213-9', 'Gabriel', 'González', 'Carrera 50 #40-60', 'Armenia', '376563510', 'gabriel.gonzález3@empresa.com', 8, 13),
('99954206-4', 'María', 'Rodríguez', 'Diagonal 23 #45-67', 'Montería', '345473418', 'maría.rodríguez14@empresa.com', 29, 14),
('74139660-8', 'Laura', 'Martínez', 'Calle 72 #89-100', 'Valledupar', '395909299', 'laura.martínez97@empresa.com', 89, 15),
('11855327-3', 'Juan', 'González', 'Avenida las Flores #55', 'Santa Marta', '382994954', 'juan.gonzález77@empresa.com', 56, 10),
('14188646-6', 'Laura', 'Castro', 'Calle 72 #89-100', 'Tunja', '344862163', 'laura.castro33@empresa.com', 57, 18),
('30734986-5', 'Sofía', 'Pérez', 'Avenida las Flores #55', 'Tunja', '357767225', 'sofía.pérez58@empresa.com', 18, 18),
('73493389-7', 'Carlos', 'González', 'Avenida las Flores #55', 'Manizales', '335996543', 'carlos.gonzález86@empresa.com', 12, 9),
('92294102-4', 'Andrés', 'Vargas', 'Avenida las Flores #55', 'Neiva', '327106740', 'andrés.vargas25@empresa.com', 17, 17),
('67726512-0', 'Sofía', 'González', 'Carrera 15 #25-30', 'Ibagué', '382268263', 'sofía.gonzález18@empresa.com', 47, 11),
('48411173-9', 'Diana', 'Vargas', 'Carrera 7 #18-42', 'Ibagué', '346422520', 'diana.vargas62@empresa.com', 61, 11),
('56407184-5', 'Juan', 'Jiménez', 'Carrera 7 #18-42', 'Santa Marta', '378474502', 'juan.jiménez86@empresa.com', 52, 10),
('76024278-4', 'María', 'Vargas', 'Calle 13 #50-15', 'Villavicencio', '328888735', 'maría.vargas88@empresa.com', 15, 16),
('47142575-1', 'Juan', 'Pérez', 'Calle 13 #50-15', 'Montería', '351857546', 'juan.pérez94@empresa.com', 12, 14),
('88462265-2', 'Luis', 'González', 'Avenida Central #100-200', 'Cartagena', '345727710', 'luis.gonzález26@empresa.com', 61, 5),
('85854873-1', 'Camila', 'Torres', 'Carrera 8 #22-33', 'Manizales', '385704133', 'camila.torres39@empresa.com', 69, 9),
('93557764-0', 'Ana', 'Pérez', 'Calle 72 #89-100', 'Santa Marta', '386496829', 'ana.pérez36@empresa.com', 27, 10),
('19942932-1', 'Valentina', 'López', 'Carrera 15 #25-30', 'Santa Marta', '381401584', 'valentina.lópez38@empresa.com', 25, 10),
('21898069-3', 'Valentina', 'García', 'Avenida Siempre Viva #123', 'Popayán', '344906480', 'valentina.garcía20@empresa.com', 95, 19),
('55682986-5', 'Gabriel', 'López', 'Diagonal 23 #45-67', 'Medellín', '373695230', 'gabriel.lópez24@empresa.com', 71, 2),
('31606836-0', 'Luis', 'Ríos', 'Avenida Central #100-200', 'Cartagena', '352582912', 'luis.ríos71@empresa.com', 87, 5),
('92592166-6', 'Carlos', 'Jiménez', 'Calle 72 #89-100', 'Ibagué', '398620725', 'carlos.jiménez96@empresa.com', 12, 11),
('45534067-0', 'Gabriel', 'López', 'Avenida Central #100-200', 'Pereira', '316192390', 'gabriel.lópez91@empresa.com', 95, 8),
('90241713-4', 'Ana', 'Rodríguez', 'Carrera 15 #25-30', 'Bogotá', '321375450', 'ana.rodríguez65@empresa.com', 89, 1),
('92499195-9', 'Laura', 'Gómez', 'Transversal 45 #12-56', 'Santa Marta', '371460564', 'laura.gómez29@empresa.com', 25, 10),
('29376140-1', 'Andrés', 'García', 'Calle 72 #89-100', 'Cúcuta', '397473560', 'andrés.garcía68@empresa.com', 92, 6),
('39210236-5', 'Laura', 'Castro', 'Carrera 50 #40-60', 'Barranquilla', '366402152', 'laura.castro87@empresa.com', 68, 4),
('48679885-2', 'Andrés', 'Gómez', 'Calle 13 #50-15', 'Barranquilla', '348349114', 'andrés.gómez81@empresa.com', 79, 4),
('27738160-7', 'Jorge', 'Ríos', 'Calle 10 #5-20', 'Armenia', '361415145', 'jorge.ríos43@empresa.com', 88, 13),
('28057533-0', 'Diana', 'Pérez', 'Calle 13 #50-15', 'Cúcuta', '338252519', 'diana.pérez12@empresa.com', 85, 6),
('32611632-1', 'Sofía', 'Jiménez', 'Carrera 50 #40-60', 'Santa Marta', '336848604', 'sofía.jiménez68@empresa.com', 6, 10),
('84161005-4', 'María', 'González', 'Diagonal 23 #45-67', 'Bogotá', '357267507', 'maría.gonzález41@empresa.com', 14, 1),
('49812868-6', 'Ana', 'Castro', 'Carrera 7 #18-42', 'Cartagena', '376949213', 'ana.castro32@empresa.com', 40, 5),
('19338688-2', 'Andrea', 'Gómez', 'Calle 13 #50-15', 'Bucaramanga', '365571132', 'andrea.gómez86@empresa.com', 88, 7),
('41758656-9', 'María', 'Vargas', 'Carrera 7 #18-42', 'Bogotá', '322639991', 'maría.vargas16@empresa.com', 65, 1),
('84102799-7', 'Pedro', 'González', 'Carrera 7 #18-42', 'Manizales', '341883365', 'pedro.gonzález9@empresa.com', 60, 9),
('11177376-0', 'Jorge', 'Gómez', 'Calle 13 #50-15', 'Neiva', '323559134', 'jorge.gómez5@empresa.com', 35, 17),
('21372229-4', 'Luis', 'Ramírez', 'Carrera 8 #22-33', 'Cúcuta', '363206676', 'luis.ramírez41@empresa.com', 82, 6),
('62103116-6', 'Pedro', 'Torres', 'Carrera 7 #18-42', 'Medellín', '378376406', 'pedro.torres36@empresa.com', 82, 2),
('26923610-9', 'Jorge', 'Moreno', 'Diagonal 23 #45-67', 'Cúcuta', '352960242', 'jorge.moreno20@empresa.com', 19, 6),
('71712536-7', 'Sofía', 'García', 'Carrera 15 #25-30', 'Barranquilla', '373831369', 'sofía.garcía10@empresa.com', 30, 4),
('84533405-4', 'Carlos', 'Gómez', 'Avenida Central #100-200', 'Pereira', '374435207', 'carlos.gómez49@empresa.com', 54, 8),
('22487035-1', 'Laura', 'Vargas', 'Calle 10 #5-20', 'Popayán', '314211687', 'laura.vargas56@empresa.com', 46, 19),
('86844275-7', 'Pedro', 'García', 'Calle 13 #50-15', 'Cúcuta', '319922473', 'pedro.garcía90@empresa.com', 50, 6),
('23022030-3', 'Camila', 'Ramírez', 'Carrera 7 #18-42', 'Pereira', '335435132', 'camila.ramírez78@empresa.com', 31, 8),
('43861292-9', 'Gabriel', 'López', 'Transversal 45 #12-56', 'Pereira', '362578150', 'gabriel.lópez56@empresa.com', 73, 8),
('53039430-0', 'Diana', 'Castro', 'Carrera 8 #22-33', 'Manizales', '333856631', 'diana.castro89@empresa.com', 100, 9),
('96433903-1', 'Carlos', 'González', 'Calle 10 #5-20', 'Armenia', '336344371', 'carlos.gonzález89@empresa.com', 3, 13),
('36201624-2', 'Juan', 'Moreno', 'Avenida Central #100-200', 'Riohacha', '385919278', 'juan.moreno11@empresa.com', 91, 20),
('99286518-3', 'Sofía', 'Ríos', 'Carrera 15 #25-30', 'Cali', '348597795', 'sofía.ríos31@empresa.com', 40, 3),
('71490342-6', 'Luis', 'Vargas', 'Carrera 7 #18-42', 'Ibagué', '321522569', 'luis.vargas49@empresa.com', 81, 11),
('22630829-5', 'Paola', 'Torres', 'Calle 13 #50-15', 'Manizales', '386580749', 'paola.torres74@empresa.com', 82, 9),
('86675324-9', 'Diana', 'Pérez', 'Diagonal 23 #45-67', 'Santa Marta', '397884622', 'diana.pérez6@empresa.com', 40, 10),
('50520189-7', 'Juan', 'Jiménez', 'Carrera 15 #25-30', 'Barranquilla', '313995118', 'juan.jiménez81@empresa.com', 15, 4),
('47568766-7', 'Diana', 'González', 'Avenida Siempre Viva #123', 'Bogotá', '361568796', 'diana.gonzález21@empresa.com', 55, 1),
('12365352-1', 'Valentina', 'Martínez', 'Carrera 8 #22-33', 'Armenia', '351600541', 'valentina.martínez7@empresa.com', 34, 13),
('25663276-1', 'Andrea', 'Pérez', 'Diagonal 23 #45-67', 'Montería', '314446671', 'andrea.pérez10@empresa.com', 6, 14),
('49304418-2', 'Carlos', 'Ríos', 'Carrera 50 #40-60', 'Santa Marta', '333556449', 'carlos.ríos50@empresa.com', 45, 10),
('69003749-3', 'Paola', 'Martínez', 'Carrera 8 #22-33', 'Manizales', '378323799', 'paola.martínez8@empresa.com', 45, 9),
('23552409-4', 'Laura', 'Ríos', 'Calle 10 #5-20', 'Pereira', '388357251', 'laura.ríos55@empresa.com', 53, 8),
('70007672-2', 'Luis', 'Moreno', 'Avenida Siempre Viva #123', 'Ibagué', '372904655', 'luis.moreno91@empresa.com', 81, 11),
('90308344-5', 'Sofía', 'García', 'Avenida Siempre Viva #123', 'Valledupar', '330236412', 'sofía.garcía51@empresa.com', 97, 15),
('89419334-8', 'Camila', 'Jiménez', 'Avenida Central #100-200', 'Bogotá', '320439460', 'camila.jiménez29@empresa.com', 45, 1),
('37589366-8', 'Andrés', 'Ríos', 'Carrera 50 #40-60', 'Manizales', '360423513', 'andrés.ríos12@empresa.com', 49, 9),
('37132602-3', 'Luis', 'Ríos', 'Calle 72 #89-100', 'Montería', '340428667', 'luis.ríos32@empresa.com', 62, 14),
('16117990-9', 'Sofía', 'González', 'Carrera 7 #18-42', 'Manizales', '330839234', 'sofía.gonzález47@empresa.com', 15, 9),
('64038494-5', 'Paola', 'Pérez', 'Transversal 45 #12-56', 'Montería', '379329454', 'paola.pérez81@empresa.com', 41, 14),
('16403190-2', 'Laura', 'Gómez', 'Calle 13 #50-15', 'Bucaramanga', '311330915', 'laura.gómez75@empresa.com', 90, 7),
('20977717-4', 'Carlos', 'Vargas', 'Carrera 15 #25-30', 'Neiva', '329713269', 'carlos.vargas97@empresa.com', 96, 17),
('39487683-2', 'Laura', 'Pérez', 'Carrera 7 #18-42', 'Villavicencio', '310221724', 'laura.pérez79@empresa.com', 87, 16),
('34141476-2', 'Andrea', 'Ramírez', 'Avenida Central #100-200', 'Villavicencio', '353234564', 'andrea.ramírez30@empresa.com', 39, 16),
('11680427-6', 'Gabriel', 'Moreno', 'Carrera 50 #40-60', 'Villavicencio', '343730322', 'gabriel.moreno47@empresa.com', 12, 16),
('18296349-2', 'Ana', 'Gómez', 'Calle 10 #5-20', 'Medellín', '346757901', 'ana.gómez69@empresa.com', 54, 2),
('59954667-4', 'Juan', 'Pérez', 'Calle 72 #89-100', 'Riohacha', '357800388', 'juan.pérez72@empresa.com', 85, 20),
('87630659-7', 'Paola', 'González', 'Carrera 8 #22-33', 'Neiva', '345397325', 'paola.gonzález97@empresa.com', 6, 17),
('59339355-5', 'Camila', 'Vargas', 'Carrera 7 #18-42', 'Santa Marta', '365855635', 'camila.vargas67@empresa.com', 25, 10),
('31951835-4', 'María', 'Jiménez', 'Avenida Central #100-200', 'Cali', '341631321', 'maría.jiménez54@empresa.com', 59, 3),
('92553640-7', 'Andrés', 'Castro', 'Calle 13 #50-15', 'Cartagena', '346535136', 'andrés.castro92@empresa.com', 79, 5),
('20315604-0', 'Sofía', 'Vargas', 'Carrera 7 #18-42', 'Medellín', '383904838', 'sofía.vargas31@empresa.com', 22, 2),
('64001088-1', 'Andrés', 'Rodríguez', 'Diagonal 23 #45-67', 'Riohacha', '313294987', 'andrés.rodríguez87@empresa.com', 3, 20),
('16647839-6', 'María', 'González', 'Avenida Central #100-200', 'Bucaramanga', '357196173', 'maría.gonzález26@empresa.com', 95, 7),
('36298180-9', 'Valentina', 'Moreno', 'Avenida Central #100-200', 'Neiva', '374228442', 'valentina.moreno26@empresa.com', 98, 17),
('80857220-8', 'Pedro', 'Vargas', 'Avenida Central #100-200', 'Pasto', '336865793', 'pedro.vargas98@empresa.com', 81, 12),
('12829272-9', 'Carlos', 'Ríos', 'Carrera 7 #18-42', 'Cúcuta', '360986313', 'carlos.ríos59@empresa.com', 52, 6),
('77951477-5', 'Pedro', 'Moreno', 'Avenida las Flores #55', 'Barranquilla', '377519642', 'pedro.moreno9@empresa.com', 18, 4),
('19315112-2', 'Gabriel', 'Moreno', 'Carrera 7 #18-42', 'Armenia', '398964492', 'gabriel.moreno15@empresa.com', 62, 13),
('94880489-9', 'Andrea', 'Gómez', 'Avenida Siempre Viva #123', 'Bogotá', '362246132', 'andrea.gómez1@empresa.com', 85, 1),
('15921896-4', 'Pedro', 'Pérez', 'Avenida Siempre Viva #123', 'Tunja', '377814156', 'pedro.pérez23@empresa.com', 32, 18),
('32007284-7', 'Sofía', 'García', 'Carrera 15 #25-30', 'Valledupar', '394646930', 'sofía.garcía72@empresa.com', 2, 15),
('90412707-0', 'Gabriel', 'Moreno', 'Avenida Central #100-200', 'Tunja', '325325591', 'gabriel.moreno98@empresa.com', 38, 18),
('71434293-7', 'Laura', 'García', 'Carrera 8 #22-33', 'Cúcuta', '354880919', 'laura.garcía91@empresa.com', 76, 6),
('70021213-7', 'Valentina', 'Jiménez', 'Avenida las Flores #55', 'Armenia', '384203133', 'valentina.jiménez13@empresa.com', 27, 13),
('46123431-5', 'Jorge', 'Ríos', 'Calle 13 #50-15', 'Valledupar', '322976622', 'jorge.ríos6@empresa.com', 85, 15),
('33305969-1', 'Luis', 'Ramírez', 'Calle 10 #5-20', 'Neiva', '363731286', 'luis.ramírez19@empresa.com', 80, 17);

-- Clientes
INSERT INTO Clientes (Cedula, Nombre, Apellido, Direccion, Ciudad, Celular, Email, Id_ciudad) VALUES
('97594197-5', 'Paola', 'Jiménez', 'Calle 10 #5-20', 'Ibagué', '328391644', 'paola.jiménez53@correo.com', 11),
('24434463-9', 'Andrea', 'Ramírez', 'Diagonal 23 #45-67', 'Cali', '342453827', 'andrea.ramírez83@correo.com', 3),
('75509521-0', 'María', 'Martínez', 'Calle 72 #89-100', 'Medellín', '343397404', 'maría.martínez21@correo.com', 2),
('36468434-9', 'Diana', 'López', 'Calle 72 #89-100', 'Manizales', '388663304', 'diana.lópez42@correo.com', 9),
('66069776-6', 'Luis', 'Torres', 'Avenida Central #100-200', 'Neiva', '331529912', 'luis.torres72@correo.com', 17),
('62622891-7', 'Sofía', 'Moreno', 'Transversal 45 #12-56', 'Barranquilla', '346522976', 'sofía.moreno41@correo.com', 4),
('34887182-8', 'María', 'Jiménez', 'Carrera 7 #18-42', 'Riohacha', '394919620', 'maría.jiménez31@correo.com', 20),
('14679314-1', 'Sofía', 'Jiménez', 'Avenida Central #100-200', 'Valledupar', '380764151', 'sofía.jiménez75@correo.com', 15),
('43252695-4', 'Valentina', 'Martínez', 'Calle 10 #5-20', 'Montería', '355246769', 'valentina.martínez13@correo.com', 14),
('86960557-0', 'Carlos', 'Moreno', 'Carrera 8 #22-33', 'Riohacha', '335318214', 'carlos.moreno99@correo.com', 20),
('75492655-4', 'Paola', 'Torres', 'Transversal 45 #12-56', 'Armenia', '330812943', 'paola.torres57@correo.com', 13),
('55949626-0', 'Andrea', 'Castro', 'Carrera 7 #18-42', 'Pereira', '365589887', 'andrea.castro11@correo.com', 8),
('80959697-8', 'Diana', 'Vargas', 'Diagonal 23 #45-67', 'Ibagué', '332166890', 'diana.vargas95@correo.com', 11),
('31158703-2', 'Diana', 'González', 'Avenida Siempre Viva #123', 'Bogotá', '392469549', 'diana.gonzález59@correo.com', 1),
('17150676-1', 'Carlos', 'López', 'Calle 10 #5-20', 'Santa Marta', '315739609', 'carlos.lópez18@correo.com', 10),
('76330688-6', 'Paola', 'González', 'Carrera 15 #25-30', 'Cartagena', '377432498', 'paola.gonzález82@correo.com', 5),
('21419694-3', 'Pedro', 'Rodríguez', 'Carrera 50 #40-60', 'Villavicencio', '315405944', 'pedro.rodríguez86@correo.com', 16),
('27560872-5', 'Pedro', 'Pérez', 'Calle 10 #5-20', 'Cali', '358794786', 'pedro.pérez22@correo.com', 3),
('20069912-7', 'Carlos', 'Ríos', 'Carrera 7 #18-42', 'Cartagena', '399299712', 'carlos.ríos76@correo.com', 5),
('63199065-8', 'Sofía', 'Rodríguez', 'Calle 13 #50-15', 'Armenia', '360603659', 'sofía.rodríguez12@correo.com', 13),
('76100292-4', 'Gabriel', 'Jiménez', 'Avenida las Flores #55', 'Popayán', '392915479', 'gabriel.jiménez77@correo.com', 19),
('90044780-6', 'Jorge', 'Ramírez', 'Avenida Siempre Viva #123', 'Valledupar', '358129214', 'jorge.ramírez57@correo.com', 15),
('89015751-6', 'Gabriel', 'Ramírez', 'Avenida Siempre Viva #123', 'Cali', '392272976', 'gabriel.ramírez57@correo.com', 3),
('79376514-8', 'Sofía', 'García', 'Avenida Central #100-200', 'Cúcuta', '381402847', 'sofía.garcía1@correo.com', 6),
('19065845-7', 'Andrés', 'Rodríguez', 'Carrera 50 #40-60', 'Tunja', '321195543', 'andrés.rodríguez33@correo.com', 18),
('89400965-7', 'Valentina', 'Pérez', 'Transversal 45 #12-56', 'Riohacha', '322718358', 'valentina.pérez37@correo.com', 20),
('65624883-8', 'Ana', 'Ríos', 'Transversal 45 #12-56', 'Riohacha', '338702410', 'ana.ríos44@correo.com', 20),
('54861530-4', 'Valentina', 'Moreno', 'Transversal 45 #12-56', 'Cali', '319339123', 'valentina.moreno83@correo.com', 3),
('92719441-6', 'Carlos', 'Vargas', 'Carrera 50 #40-60', 'Barranquilla', '316495582', 'carlos.vargas5@correo.com', 4),
('72293480-3', 'Andrés', 'Rodríguez', 'Calle 72 #89-100', 'Manizales', '394364661', 'andrés.rodríguez7@correo.com', 9),
('44478333-3', 'María', 'Ramírez', 'Carrera 8 #22-33', 'Popayán', '342240843', 'maría.ramírez63@correo.com', 19),
('12676108-7', 'Valentina', 'Rodríguez', 'Diagonal 23 #45-67', 'Cúcuta', '394989168', 'valentina.rodríguez29@correo.com', 6),
('17868999-0', 'Andrea', 'Ramírez', 'Avenida Central #100-200', 'Manizales', '313853260', 'andrea.ramírez42@correo.com', 9),
('88490415-9', 'Jorge', 'Torres', 'Carrera 7 #18-42', 'Cartagena', '385569487', 'jorge.torres89@correo.com', 5),
('59870192-5', 'Sofía', 'González', 'Calle 10 #5-20', 'Tunja', '314237914', 'sofía.gonzález47@correo.com', 18),
('30052366-5', 'Pedro', 'Ríos', 'Diagonal 23 #45-67', 'Popayán', '394552932', 'pedro.ríos47@correo.com', 19),
('86746840-9', 'Juan', 'Pérez', 'Carrera 8 #22-33', 'Ibagué', '357161479', 'juan.pérez84@correo.com', 11),
('67779449-9', 'Valentina', 'Rodríguez', 'Carrera 8 #22-33', 'Montería', '342779669', 'valentina.rodríguez74@correo.com', 14),
('33627041-4', 'Jorge', 'Ríos', 'Diagonal 23 #45-67', 'Pasto', '388571727', 'jorge.ríos39@correo.com', 12),
('66433696-5', 'Andrés', 'Martínez', 'Carrera 15 #25-30', 'Cúcuta', '380101184', 'andrés.martínez46@correo.com', 6),
('34654966-0', 'Andrés', 'López', 'Carrera 15 #25-30', 'Pereira', '366405862', 'andrés.lópez17@correo.com', 8),
('77040279-2', 'Gabriel', 'López', 'Calle 13 #50-15', 'Cali', '392207439', 'gabriel.lópez1@correo.com', 3),
('81080370-2', 'Luis', 'González', 'Transversal 45 #12-56', 'Armenia', '341739788', 'luis.gonzález71@correo.com', 13),
('35423090-1', 'Juan', 'Rodríguez', 'Carrera 7 #18-42', 'Armenia', '359210785', 'juan.rodríguez63@correo.com', 13),
('82699515-4', 'Gabriel', 'Jiménez', 'Carrera 15 #25-30', 'Neiva', '389554467', 'gabriel.jiménez5@correo.com', 17),
('68231178-7', 'Ana', 'Ramírez', 'Calle 13 #50-15', 'Neiva', '318257428', 'ana.ramírez69@correo.com', 17),
('88335814-7', 'Camila', 'Moreno', 'Avenida Central #100-200', 'Cartagena', '385563437', 'camila.moreno67@correo.com', 5),
('43126828-8', 'Luis', 'Rodríguez', 'Calle 72 #89-100', 'Bogotá', '374695956', 'luis.rodríguez38@correo.com', 1),
('81379508-1', 'Camila', 'Torres', 'Carrera 7 #18-42', 'Villavicencio', '386315601', 'camila.torres2@correo.com', 16),
('71312563-7', 'Diana', 'Ramírez', 'Transversal 45 #12-56', 'Bucaramanga', '357791404', 'diana.ramírez91@correo.com', 7),
('77769022-0', 'Paola', 'Rodríguez', 'Carrera 50 #40-60', 'Riohacha', '370827355', 'paola.rodríguez92@correo.com', 20),
('27081570-7', 'Sofía', 'González', 'Calle 10 #5-20', 'Montería', '315999303', 'sofía.gonzález6@correo.com', 14),
('39309454-5', 'Andrés', 'Pérez', 'Calle 13 #50-15', 'Villavicencio', '399204397', 'andrés.pérez47@correo.com', 16),
('45420391-2', 'Laura', 'Ramírez', 'Calle 72 #89-100', 'Bogotá', '351585452', 'laura.ramírez75@correo.com', 1),
('38734078-4', 'Luis', 'Ramírez', 'Transversal 45 #12-56', 'Valledupar', '333129761', 'luis.ramírez32@correo.com', 15),
('29186673-3', 'Camila', 'González', 'Diagonal 23 #45-67', 'Valledupar', '315968408', 'camila.gonzález13@correo.com', 15),
('96278302-4', 'Diana', 'García', 'Avenida Siempre Viva #123', 'Riohacha', '379236852', 'diana.garcía32@correo.com', 20),
('79346415-9', 'María', 'Ríos', 'Avenida las Flores #55', 'Bucaramanga', '336376591', 'maría.ríos67@correo.com', 7),
('13436338-2', 'Jorge', 'Gómez', 'Calle 10 #5-20', 'Barranquilla', '364350903', 'jorge.gómez73@correo.com', 4),
('36929685-3', 'Valentina', 'Pérez', 'Transversal 45 #12-56', 'Barranquilla', '370430875', 'valentina.pérez86@correo.com', 4),
('36968917-4', 'Ana', 'Martínez', 'Carrera 7 #18-42', 'Popayán', '321476835', 'ana.martínez85@correo.com', 19),
('56284376-8', 'Andrés', 'López', 'Carrera 7 #18-42', 'Santa Marta', '361700456', 'andrés.lópez23@correo.com', 10),
('54007683-2', 'Laura', 'Martínez', 'Avenida Siempre Viva #123', 'Bucaramanga', '381157441', 'laura.martínez95@correo.com', 7),
('64826511-8', 'Diana', 'Pérez', 'Avenida Central #100-200', 'Montería', '397897205', 'diana.pérez64@correo.com', 14),
('98609290-2', 'Ana', 'Castro', 'Calle 72 #89-100', 'Riohacha', '366549756', 'ana.castro76@correo.com', 20),
('64415818-4', 'Camila', 'López', 'Carrera 50 #40-60', 'Tunja', '358968312', 'camila.lópez52@correo.com', 18),
('87427975-4', 'Pedro', 'Ramírez', 'Calle 72 #89-100', 'Medellín', '357882898', 'pedro.ramírez85@correo.com', 2),
('99220385-4', 'Ana', 'Martínez', 'Carrera 8 #22-33', 'Manizales', '375255360', 'ana.martínez72@correo.com', 9),
('91258456-6', 'María', 'Jiménez', 'Diagonal 23 #45-67', 'Pereira', '352406138', 'maría.jiménez88@correo.com', 8),
('76465144-4', 'Ana', 'Torres', 'Carrera 8 #22-33', 'Medellín', '329574243', 'ana.torres81@correo.com', 2),
('75191811-7', 'Jorge', 'Vargas', 'Avenida Central #100-200', 'Manizales', '379588518', 'jorge.vargas12@correo.com', 9),
('68837986-5', 'Juan', 'Ríos', 'Carrera 50 #40-60', 'Pereira', '380117872', 'juan.ríos60@correo.com', 8),
('60940157-0', 'Jorge', 'Rodríguez', 'Carrera 8 #22-33', 'Cúcuta', '316904267', 'jorge.rodríguez22@correo.com', 6),
('93146539-6', 'Juan', 'Pérez', 'Avenida las Flores #55', 'Pasto', '373495968', 'juan.pérez54@correo.com', 12),
('42000477-0', 'Luis', 'Pérez', 'Carrera 15 #25-30', 'Ibagué', '395568949', 'luis.pérez29@correo.com', 11),
('91636826-6', 'Laura', 'García', 'Carrera 50 #40-60', 'Armenia', '325779950', 'laura.garcía31@correo.com', 13),
('45072647-9', 'Luis', 'Gómez', 'Carrera 7 #18-42', 'Pasto', '353775935', 'luis.gómez70@correo.com', 12),
('46478373-6', 'Andrés', 'Ríos', 'Carrera 15 #25-30', 'Riohacha', '317601485', 'andrés.ríos94@correo.com', 20),
('40506545-5', 'Luis', 'Vargas', 'Carrera 50 #40-60', 'Pasto', '334760685', 'luis.vargas40@correo.com', 12),
('36117480-2', 'Valentina', 'Pérez', 'Calle 72 #89-100', 'Medellín', '323278431', 'valentina.pérez93@correo.com', 2),
('51242480-7', 'Diana', 'Moreno', 'Avenida Siempre Viva #123', 'Montería', '336528661', 'diana.moreno38@correo.com', 14),
('98594232-5', 'Paola', 'Torres', 'Carrera 15 #25-30', 'Villavicencio', '374143236', 'paola.torres66@correo.com', 16),
('24116212-8', 'Pedro', 'Torres', 'Carrera 8 #22-33', 'Ibagué', '384360627', 'pedro.torres16@correo.com', 11),
('22203151-7', 'María', 'Vargas', 'Transversal 45 #12-56', 'Manizales', '341466727', 'maría.vargas53@correo.com', 9),
('34350758-7', 'Laura', 'Torres', 'Calle 72 #89-100', 'Pereira', '365189629', 'laura.torres91@correo.com', 8),
('91548186-8', 'Carlos', 'Ramírez', 'Carrera 15 #25-30', 'Barranquilla', '357955602', 'carlos.ramírez64@correo.com', 4),
('80019983-9', 'María', 'Moreno', 'Avenida Siempre Viva #123', 'Cartagena', '326694299', 'maría.moreno11@correo.com', 5),
('71042917-3', 'Camila', 'Rodríguez', 'Carrera 50 #40-60', 'Tunja', '380493442', 'camila.rodríguez77@correo.com', 18),
('13869441-1', 'Sofía', 'Ramírez', 'Calle 72 #89-100', 'Santa Marta', '332369666', 'sofía.ramírez36@correo.com', 10),
('70442079-6', 'Camila', 'Martínez', 'Calle 13 #50-15', 'Bucaramanga', '314422593', 'camila.martínez15@correo.com', 7),
('69343728-9', 'Valentina', 'Martínez', 'Diagonal 23 #45-67', 'Bogotá', '338601239', 'valentina.martínez32@correo.com', 1),
('11136208-2', 'Jorge', 'Ríos', 'Diagonal 23 #45-67', 'Cali', '361134954', 'jorge.ríos8@correo.com', 3),
('92916919-7', 'Sofía', 'Ríos', 'Avenida Siempre Viva #123', 'Medellín', '399197678', 'sofía.ríos30@correo.com', 2),
('31663858-3', 'Carlos', 'Torres', 'Diagonal 23 #45-67', 'Pasto', '385157539', 'carlos.torres20@correo.com', 12),
('27026923-6', 'Carlos', 'Ríos', 'Avenida Siempre Viva #123', 'Pasto', '345897340', 'carlos.ríos67@correo.com', 12),
('67781617-2', 'Ana', 'Vargas', 'Carrera 15 #25-30', 'Cali', '380727201', 'ana.vargas76@correo.com', 3),
('70993319-6', 'Camila', 'Gómez', 'Avenida Central #100-200', 'Valledupar', '322308739', 'camila.gómez59@correo.com', 15),
('54152776-0', 'Sofía', 'Pérez', 'Calle 10 #5-20', 'Popayán', '399144948', 'sofía.pérez60@correo.com', 19),
('44293698-8', 'Laura', 'Jiménez', 'Calle 10 #5-20', 'Medellín', '366909706', 'laura.jiménez47@correo.com', 2),
('27889464-4', 'Laura', 'Jiménez', 'Calle 72 #89-100', 'Pereira', '375546596', 'laura.jiménez49@correo.com', 8);

-- Tipos de vehiculo
INSERT INTO Tipos_vehiculo (Tipo) VALUES
('Automóvil 1'),
('SUV 1'),
('Camioneta 1'),
('Furgoneta 1'),
('Convertible 1'),
('Pick-up 1'),
('Coupé 1'),
('Minivan 1'),
('Hatchback 1'),
('Sedán 1'),
('Automóvil 2'),
('SUV 2'),
('Camioneta 2'),
('Furgoneta 2'),
('Convertible 2'),
('Pick-up 2'),
('Coupé 2'),
('Minivan 2'),
('Hatchback 2'),
('Sedán 2'),
('Automóvil 3'),
('SUV 3'),
('Camioneta 3'),
('Furgoneta 3'),
('Convertible 3'),
('Pick-up 3'),
('Coupé 3'),
('Minivan 3'),
('Hatchback 3'),
('Sedán 3'),
('Automóvil 4'),
('SUV 4'),
('Camioneta 4'),
('Furgoneta 4'),
('Convertible 4'),
('Pick-up 4'),
('Coupé 4'),
('Minivan 4'),
('Hatchback 4'),
('Sedán 4'),
('Automóvil 5'),
('SUV 5'),
('Camioneta 5'),
('Furgoneta 5'),
('Convertible 5'),
('Pick-up 5'),
('Coupé 5'),
('Minivan 5'),
('Hatchback 5'),
('Sedán 5'),
('Automóvil 6'),
('SUV 6'),
('Camioneta 6'),
('Furgoneta 6'),
('Convertible 6'),
('Pick-up 6'),
('Coupé 6'),
('Minivan 6'),
('Hatchback 6'),
('Sedán 6'),
('Automóvil 7'),
('SUV 7'),
('Camioneta 7'),
('Furgoneta 7'),
('Convertible 7'),
('Pick-up 7'),
('Coupé 7'),
('Minivan 7'),
('Hatchback 7'),
('Sedán 7'),
('Automóvil 8'),
('SUV 8'),
('Camioneta 8'),
('Furgoneta 8'),
('Convertible 8'),
('Pick-up 8'),
('Coupé 8'),
('Minivan 8'),
('Hatchback 8'),
('Sedán 8'),
('Automóvil 9'),
('SUV 9'),
('Camioneta 9'),
('Furgoneta 9'),
('Convertible 9'),
('Pick-up 9'),
('Coupé 9'),
('Minivan 9'),
('Hatchback 9'),
('Sedán 9'),
('Automóvil 10'),
('SUV 10'),
('Camioneta 10'),
('Furgoneta 10'),
('Convertible 10'),
('Pick-up 10'),
('Coupé 10'),
('Minivan 10'),
('Hatchback 10'),
('Sedán 10');

-- Motores
INSERT INTO Motores (Descripcion) VALUES
('1.6L 4 cilindros 1'),
('2.0L 4 cilindros 1'),
('2.5L 6 cilindros 1'),
('3.0L V6 1'),
('1.8L Turbo 1'),
('2.0L Turbo 1'),
('3.5L V6 Turbo 1'),
('1.5L Híbrido 1'),
('2.4L Eléctrico 1'),
('1.2L 3 cilindros 1'),
('1.6L 4 cilindros 2'),
('2.0L 4 cilindros 2'),
('2.5L 6 cilindros 2'),
('3.0L V6 2'),
('1.8L Turbo 2'),
('2.0L Turbo 2'),
('3.5L V6 Turbo 2'),
('1.5L Híbrido 2'),
('2.4L Eléctrico 2'),
('1.2L 3 cilindros 2'),
('1.6L 4 cilindros 3'),
('2.0L 4 cilindros 3'),
('2.5L 6 cilindros 3'),
('3.0L V6 3'),
('1.8L Turbo 3'),
('2.0L Turbo 3'),
('3.5L V6 Turbo 3'),
('1.5L Híbrido 3'),
('2.4L Eléctrico 3'),
('1.2L 3 cilindros 3'),
('1.6L 4 cilindros 4'),
('2.0L 4 cilindros 4'),
('2.5L 6 cilindros 4'),
('3.0L V6 4'),
('1.8L Turbo 4'),
('2.0L Turbo 4'),
('3.5L V6 Turbo 4'),
('1.5L Híbrido 4'),
('2.4L Eléctrico 4'),
('1.2L 3 cilindros 4'),
('1.6L 4 cilindros 5'),
('2.0L 4 cilindros 5'),
('2.5L 6 cilindros 5'),
('3.0L V6 5'),
('1.8L Turbo 5'),
('2.0L Turbo 5'),
('3.5L V6 Turbo 5'),
('1.5L Híbrido 5'),
('2.4L Eléctrico 5'),
('1.2L 3 cilindros 5'),
('1.6L 4 cilindros 6'),
('2.0L 4 cilindros 6'),
('2.5L 6 cilindros 6'),
('3.0L V6 6'),
('1.8L Turbo 6'),
('2.0L Turbo 6'),
('3.5L V6 Turbo 6'),
('1.5L Híbrido 6'),
('2.4L Eléctrico 6'),
('1.2L 3 cilindros 6'),
('1.6L 4 cilindros 7'),
('2.0L 4 cilindros 7'),
('2.5L 6 cilindros 7'),
('3.0L V6 7'),
('1.8L Turbo 7'),
('2.0L Turbo 7'),
('3.5L V6 Turbo 7'),
('1.5L Híbrido 7'),
('2.4L Eléctrico 7'),
('1.2L 3 cilindros 7'),
('1.6L 4 cilindros 8'),
('2.0L 4 cilindros 8'),
('2.5L 6 cilindros 8'),
('3.0L V6 8'),
('1.8L Turbo 8'),
('2.0L Turbo 8'),
('3.5L V6 Turbo 8'),
('1.5L Híbrido 8'),
('2.4L Eléctrico 8'),
('1.2L 3 cilindros 8'),
('1.6L 4 cilindros 9'),
('2.0L 4 cilindros 9'),
('2.5L 6 cilindros 9'),
('3.0L V6 9'),
('1.8L Turbo 9'),
('2.0L Turbo 9'),
('3.5L V6 Turbo 9'),
('1.5L Híbrido 9'),
('2.4L Eléctrico 9'),
('1.2L 3 cilindros 9'),
('1.6L 4 cilindros 10'),
('2.0L 4 cilindros 10'),
('2.5L 6 cilindros 10'),
('3.0L V6 10'),
('1.8L Turbo 10'),
('2.0L Turbo 10'),
('3.5L V6 Turbo 10'),
('1.5L Híbrido 10'),
('2.4L Eléctrico 10'),
('1.2L 3 cilindros 10');

-- Tarifas
INSERT INTO Tarifas (Id_Tipo, Valor_Semana, Valor_Dia) VALUES
(1, 500000, 80000),
(2, 700000, 110000),
(3, 750000, 120000),
(4, 600000, 95000),
(5, 900000, 140000),
(6, 850000, 135000),
(7, 800000, 125000),
(8, 650000, 100000),
(9, 550000, 85000),
(10, 600000, 90000),
(11, 501000, 80100),
(12, 701000, 110100),
(13, 751000, 120100),
(14, 601000, 95100),
(15, 901000, 140100),
(16, 851000, 135100),
(17, 801000, 125100),
(18, 651000, 100100),
(19, 551000, 85100),
(20, 601000, 90100),
(21, 502000, 80200),
(22, 702000, 110200),
(23, 752000, 120200),
(24, 602000, 95200),
(25, 902000, 140200),
(26, 852000, 135200),
(27, 802000, 125200),
(28, 652000, 100200),
(29, 552000, 85200),
(30, 602000, 90200),
(31, 503000, 80300),
(32, 703000, 110300),
(33, 753000, 120300),
(34, 603000, 95300),
(35, 903000, 140300),
(36, 853000, 135300),
(37, 803000, 125300),
(38, 653000, 100300),
(39, 553000, 85300),
(40, 603000, 90300),
(41, 504000, 80400),
(42, 704000, 110400),
(43, 754000, 120400),
(44, 604000, 95400),
(45, 904000, 140400),
(46, 854000, 135400),
(47, 804000, 125400),
(48, 654000, 100400),
(49, 554000, 85400),
(50, 604000, 90400),
(51, 505000, 80500),
(52, 705000, 110500),
(53, 755000, 120500),
(54, 605000, 95500),
(55, 905000, 140500),
(56, 855000, 135500),
(57, 805000, 125500),
(58, 655000, 100500),
(59, 555000, 85500),
(60, 605000, 90500),
(61, 506000, 80600),
(62, 706000, 110600),
(63, 756000, 120600),
(64, 606000, 95600),
(65, 906000, 140600),
(66, 856000, 135600),
(67, 806000, 125600),
(68, 656000, 100600),
(69, 556000, 85600),
(70, 606000, 90600),
(71, 507000, 80700),
(72, 707000, 110700),
(73, 757000, 120700),
(74, 607000, 95700),
(75, 907000, 140700),
(76, 857000, 135700),
(77, 807000, 125700),
(78, 657000, 100700),
(79, 557000, 85700),
(80, 607000, 90700),
(81, 508000, 80800),
(82, 708000, 110800),
(83, 758000, 120800),
(84, 608000, 95800),
(85, 908000, 140800),
(86, 858000, 135800),
(87, 808000, 125800),
(88, 658000, 100800),
(89, 558000, 85800),
(90, 608000, 90800),
(91, 509000, 80900),
(92, 709000, 110900),
(93, 759000, 120900),
(94, 609000, 95900),
(95, 909000, 140900),
(96, 859000, 135900),
(97, 809000, 125900),
(98, 659000, 100900),
(99, 559000, 85900),
(100, 609000, 90900);

-- Vehiculos
INSERT INTO Vehiculos (Placa, Referencia, Modelo, Puertas, Capacidad, Sunroof, Color, Id_tipo, Id_motor) VALUES
('R205W', 'Modelo-282', 2019, 4, 8, 0, 'Blanco', 2, 4),
('E597C', 'Modelo-121', 2012, 3, 7, 0, 'Amarillo', 1, 3),
('U148W', 'Modelo-606', 2021, 3, 5, 1, 'Naranja', 4, 4),
('Z647S', 'Modelo-380', 2017, 2, 2, 0, 'Gris', 3, 2),
('F756R', 'Modelo-282', 2015, 3, 3, 1, 'Verde', 4, 4),
('L713Z', 'Modelo-592', 2022, 5, 6, 0, 'Negro', 1, 4),
('F339U', 'Modelo-921', 2011, 5, 3, 1, 'Gris', 2, 1),
('L803Z', 'Modelo-548', 2020, 3, 3, 1, 'Verde', 3, 1),
('V981B', 'Modelo-385', 2019, 4, 2, 0, 'Naranja', 1, 1),
('O917X', 'Modelo-310', 2014, 5, 7, 0, 'Rojo', 4, 5),
('C723Y', 'Modelo-907', 2004, 5, 6, 0, 'Gris', 1, 5),
('D783Z', 'Modelo-301', 2017, 5, 6, 1, 'Rojo', 2, 4),
('V953M', 'Modelo-879', 2021, 4, 6, 0, 'Negro', 1, 4),
('Q722V', 'Modelo-157', 2015, 3, 4, 0, 'Amarillo', 2, 3),
('V869K', 'Modelo-778', 2003, 4, 6, 1, 'Negro', 3, 3),
('K551K', 'Modelo-473', 2008, 4, 7, 0, 'Amarillo', 2, 4),
('O527H', 'Modelo-906', 2003, 4, 4, 0, 'Amarillo', 3, 1),
('A176G', 'Modelo-162', 2023, 4, 6, 0, 'Blanco', 4, 5),
('Q495Z', 'Modelo-490', 2001, 2, 4, 0, 'Naranja', 4, 2),
('Y899V', 'Modelo-681', 2022, 3, 3, 0, 'Rojo', 2, 3),
('K590V', 'Modelo-401', 2005, 3, 7, 1, 'Verde', 2, 1),
('D305E', 'Modelo-688', 2005, 2, 5, 0, 'Amarillo', 4, 3),
('G324X', 'Modelo-530', 2002, 2, 4, 0, 'Azul', 2, 2),
('N191D', 'Modelo-720', 2006, 5, 4, 1, 'Gris', 2, 2),
('A436H', 'Modelo-851', 2005, 2, 5, 0, 'Blanco', 3, 5),
('L978I', 'Modelo-652', 2003, 3, 2, 1, 'Naranja', 1, 3),
('J846G', 'Modelo-184', 2018, 4, 2, 0, 'Amarillo', 3, 5),
('N286I', 'Modelo-642', 2004, 5, 2, 0, 'Amarillo', 3, 5),
('Y568X', 'Modelo-503', 2000, 5, 2, 1, 'Gris', 2, 4),
('T260O', 'Modelo-759', 2003, 4, 7, 1, 'Blanco', 4, 4),
('X896V', 'Modelo-845', 2014, 3, 8, 1, 'Verde', 3, 5),
('W996C', 'Modelo-791', 2003, 3, 2, 1, 'Gris', 2, 2),
('Q315W', 'Modelo-793', 2012, 4, 6, 0, 'Blanco', 1, 3),
('S272Q', 'Modelo-563', 2008, 3, 4, 0, 'Blanco', 1, 4),
('K466T', 'Modelo-715', 2013, 3, 8, 0, 'Verde', 4, 4),
('I994X', 'Modelo-333', 2006, 3, 3, 1, 'Verde', 4, 1),
('Z997M', 'Modelo-104', 2009, 3, 6, 0, 'Amarillo', 1, 1),
('E810V', 'Modelo-932', 2019, 5, 6, 0, 'Negro', 3, 2),
('V498Q', 'Modelo-463', 2009, 5, 2, 1, 'Rojo', 1, 5),
('Z881N', 'Modelo-810', 2001, 5, 5, 1, 'Negro', 3, 4),
('E313S', 'Modelo-202', 2004, 3, 5, 0, 'Rojo', 3, 4),
('J190J', 'Modelo-654', 2010, 2, 2, 1, 'Naranja', 3, 4),
('V446K', 'Modelo-304', 2009, 5, 5, 0, 'Azul', 2, 5),
('W141Z', 'Modelo-475', 2001, 4, 7, 0, 'Blanco', 4, 3),
('O931T', 'Modelo-650', 2020, 3, 3, 1, 'Verde', 4, 2),
('W400A', 'Modelo-771', 2018, 3, 5, 1, 'Azul', 3, 3),
('Y744E', 'Modelo-995', 2013, 5, 4, 1, 'Azul', 3, 5),
('R302A', 'Modelo-921', 2002, 3, 6, 1, 'Rojo', 1, 2),
('U201S', 'Modelo-868', 2009, 4, 2, 1, 'Verde', 4, 5),
('Y949T', 'Modelo-281', 2002, 5, 5, 1, 'Azul', 3, 2),
('L820T', 'Modelo-348', 2005, 3, 8, 1, 'Gris', 3, 3),
('H621P', 'Modelo-622', 2006, 5, 7, 0, 'Verde', 1, 3),
('J396D', 'Modelo-212', 2013, 5, 7, 0, 'Gris', 2, 4),
('X677Z', 'Modelo-678', 2001, 3, 3, 1, 'Naranja', 2, 2),
('S809H', 'Modelo-432', 2018, 4, 7, 0, 'Negro', 1, 4),
('A263G', 'Modelo-427', 2014, 5, 2, 0, 'Negro', 2, 1),
('P608I', 'Modelo-470', 2022, 2, 2, 0, 'Negro', 2, 4),
('K245T', 'Modelo-466', 2007, 2, 5, 1, 'Blanco', 1, 3),
('N939C', 'Modelo-715', 2009, 2, 8, 1, 'Naranja', 2, 2),
('V451D', 'Modelo-251', 2019, 5, 2, 0, 'Verde', 1, 1),
('U569K', 'Modelo-413', 2023, 2, 8, 0, 'Naranja', 1, 5),
('N119T', 'Modelo-349', 2009, 5, 5, 0, 'Gris', 4, 5),
('T993F', 'Modelo-404', 2007, 2, 2, 1, 'Negro', 1, 4),
('O259K', 'Modelo-569', 2011, 4, 5, 0, 'Gris', 4, 4),
('U228M', 'Modelo-399', 2020, 3, 5, 0, 'Blanco', 4, 1),
('W186R', 'Modelo-804', 2000, 3, 3, 1, 'Rojo', 2, 2),
('C614B', 'Modelo-141', 2019, 2, 8, 1, 'Gris', 4, 3),
('D732W', 'Modelo-231', 2018, 2, 2, 0, 'Verde', 1, 4),
('X420F', 'Modelo-635', 2003, 3, 3, 0, 'Rojo', 4, 1),
('I190R', 'Modelo-376', 2010, 2, 2, 1, 'Amarillo', 3, 5),
('O973E', 'Modelo-379', 2014, 5, 2, 1, 'Gris', 2, 3),
('W251Q', 'Modelo-250', 2013, 4, 8, 0, 'Gris', 3, 2),
('O889M', 'Modelo-553', 2014, 4, 5, 1, 'Amarillo', 2, 5),
('M765L', 'Modelo-844', 2007, 3, 6, 1, 'Gris', 3, 5),
('A439I', 'Modelo-530', 2021, 5, 5, 0, 'Blanco', 1, 3),
('F586E', 'Modelo-159', 2022, 3, 7, 0, 'Gris', 1, 1),
('O144L', 'Modelo-849', 2018, 5, 8, 1, 'Verde', 4, 1),
('H710X', 'Modelo-592', 2015, 5, 5, 1, 'Gris', 2, 5),
('I737Q', 'Modelo-943', 2002, 5, 8, 0, 'Gris', 2, 2),
('X742X', 'Modelo-134', 2008, 4, 7, 0, 'Naranja', 1, 2),
('Z842W', 'Modelo-552', 2023, 3, 2, 1, 'Amarillo', 2, 5),
('T393E', 'Modelo-931', 2011, 3, 3, 1, 'Amarillo', 3, 1),
('J225J', 'Modelo-164', 2013, 4, 4, 1, 'Verde', 2, 2),
('M624K', 'Modelo-708', 2000, 4, 6, 1, 'Azul', 1, 2),
('Y918R', 'Modelo-405', 2017, 2, 3, 0, 'Blanco', 3, 3),
('A537D', 'Modelo-149', 2010, 4, 8, 1, 'Amarillo', 1, 5),
('R756P', 'Modelo-359', 2015, 3, 6, 0, 'Gris', 1, 2),
('I217L', 'Modelo-634', 2016, 5, 3, 1, 'Gris', 3, 2),
('Y612C', 'Modelo-279', 2021, 4, 2, 0, 'Verde', 2, 1),
('C725K', 'Modelo-142', 2019, 5, 3, 0, 'Naranja', 4, 3),
('O981K', 'Modelo-873', 2012, 3, 5, 1, 'Blanco', 3, 4),
('V617F', 'Modelo-103', 2013, 2, 6, 0, 'Naranja', 4, 1),
('C426E', 'Modelo-457', 2023, 3, 6, 1, 'Azul', 2, 1),
('A945P', 'Modelo-505', 2005, 4, 8, 0, 'Verde', 4, 5),
('M517W', 'Modelo-669', 2015, 5, 5, 1, 'Azul', 1, 3),
('J576F', 'Modelo-312', 2007, 4, 6, 1, 'Rojo', 1, 5),
('X288Y', 'Modelo-110', 2011, 3, 2, 1, 'Verde', 1, 5),
('A275Q', 'Modelo-128', 2018, 5, 7, 0, 'Naranja', 1, 4),
('J760N', 'Modelo-346', 2001, 4, 5, 1, 'Rojo', 2, 1),
('P374R', 'Modelo-362', 2012, 3, 4, 1, 'Gris', 1, 4);

-- Alquileres
INSERT INTO Alquileres (Id_Vehiculo, Id_Cliente, Id_Empleado, Id_Sucursal_Salida, Fecha_Salida, Id_Sucursal_Llegada, Fecha_Llegada, Fecha_Esperada_Llegada, Porcentaje_Descuento, Valor_Cotizado, Valor_Pagado) VALUES
(1, 5, 3, 2, '2023-04-15', 4, '2023-04-22', '2023-04-22', 5.00, 450000.00, 427500.00),
(2, 8, 1, 3, '2023-06-10', 7, NULL, '2023-06-16', 10.00, 380000.00, 342000.00),
(3, 11, 5, 6, '2023-01-22', 9, '2023-01-28', '2023-01-28', 0.00, 520000.00, 520000.00),
(4, 15, 2, 1, '2023-03-05', 2, '2023-03-12', '2023-03-12', 7.50, 610000.00, 564250.00),
(5, 21, 7, 5, '2023-07-14', 8, NULL, '2023-07-20', 12.00, 700000.00, 616000.00),
(6, 10, 6, 4, '2023-02-18', 3, '2023-02-25', '2023-02-25', 3.00, 300000.00, 291000.00),
(7, 9, 4, 8, '2023-09-01', 10, '2023-09-07', '2023-09-07', 6.00, 450000.00, 423000.00),
(8, 3, 8, 9, '2023-05-11', 6, '2023-05-18', '2023-05-18', 5.00, 500000.00, 475000.00),
(9, 18, 10, 7, '2023-08-20', 5, NULL, '2023-08-25', 4.00, 420000.00, 403200.00),
(10, 20, 3, 10, '2023-12-01', 1, '2023-12-08', '2023-12-08', 0.00, 600000.00, 600000.00),
(11, 22, 11, 2, '2023-05-14', 3, '2023-05-20', '2023-05-20', 2.50, 400000.00, 390000.00),
(12, 16, 12, 4, '2023-03-25', 5, NULL, '2023-03-30', 9.00, 780000.00, 709800.00),
(13, 7, 8, 6, '2023-07-10', 1, '2023-07-15', '2023-07-15', 0.00, 560000.00, 560000.00),
(14, 19, 9, 8, '2023-01-18', 10, '2023-01-25', '2023-01-25', 5.50, 450000.00, 425250.00),
(15, 25, 7, 2, '2023-04-11', 3, NULL, '2023-04-17', 8.00, 670000.00, 616400.00),
(16, 23, 14, 5, '2023-08-01', 4, '2023-08-08', '2023-08-08', 10.00, 550000.00, 495000.00),
(17, 17, 15, 9, '2023-02-14', 6, NULL, '2023-02-20', 3.00, 330000.00, 320100.00),
(18, 12, 4, 7, '2023-05-07', 8, '2023-05-13', '2023-05-13', 5.00, 480000.00, 456000.00),
(19, 14, 6, 10, '2023-09-21', 1, '2023-09-28', '2023-09-28', 4.00, 510000.00, 489600.00),
(20, 1, 2, 3, '2023-11-14', 2, NULL, '2023-11-20', 6.00, 600000.00, 564000.00),
(21, 2, 3, 1, '2023-03-01', 4, '2023-03-08', '2023-03-08', 7.00, 590000.00, 548700.00),
(22, 4, 7, 5, '2023-10-11', 6, '2023-10-18', '2023-10-18', 9.00, 630000.00, 573300.00),
(23, 6, 10, 8, '2023-06-20', 3, NULL, '2023-06-26', 12.00, 800000.00, 704000.00),
(24, 8, 12, 10, '2023-07-09', 7, '2023-07-15', '2023-07-15', 2.00, 520000.00, 509600.00),
(25, 10, 5, 2, '2023-02-18', 9, '2023-02-24', '2023-02-24', 0.00, 450000.00, 450000.00),
(26, 14, 11, 4, '2023-05-22', 8, '2023-05-28', '2023-05-28', 4.50, 720000.00, 688800.00),
(27, 19, 8, 6, '2023-09-15', 2, '2023-09-21', '2023-09-21', 6.50, 510000.00, 477150.00),
(28, 21, 1, 7, '2023-12-02', 5, '2023-12-08', '2023-12-08', 3.00, 580000.00, 562600.00),
(29, 3, 9, 10, '2023-08-25', 3, '2023-08-31', '2023-08-31', 7.00, 610000.00, 567300.00),
(30, 16, 6, 2, '2023-04-19', 4, '2023-04-25', '2023-04-25', 5.00, 470000.00, 446500.00),
(31, 7, 4, 3, '2023-02-10', 6, '2023-02-16', '2023-02-16', 8.00, 680000.00, 625600.00),
(32, 12, 11, 8, '2023-05-13', 2, NULL, '2023-05-19', 4.00, 490000.00, 470400.00),
(33, 15, 5, 10, '2023-03-22', 7, '2023-03-29', '2023-03-29', 6.50, 540000.00, 505200.00),
(34, 20, 6, 5, '2023-11-18', 9, '2023-11-24', '2023-11-24', 2.00, 450000.00, 441000.00),
(35, 23, 2, 4, '2023-01-12', 1, NULL, '2023-01-17', 10.00, 600000.00, 540000.00),
(36, 19, 9, 7, '2023-09-09', 8, '2023-09-16', '2023-09-16', 5.50, 700000.00, 666500.00),
(37, 5, 7, 6, '2023-08-20', 3, '2023-08-27', '2023-08-27', 7.00, 520000.00, 483600.00),
(38, 14, 10, 2, '2023-04-15', 5, NULL, '2023-04-21', 3.00, 610000.00, 591700.00),
(39, 18, 3, 9, '2023-10-11', 4, '2023-10-18', '2023-10-18', 9.00, 720000.00, 655200.00),
(40, 22, 8, 1, '2023-06-28', 10, '2023-07-05', '2023-07-05', 0.00, 580000.00, 580000.00),
(41, 10, 4, 3, '2023-07-01', 6, NULL, '2023-07-07', 12.00, 750000.00, 660000.00),
(42, 16, 12, 8, '2023-03-14', 9, '2023-03-21', '2023-03-21', 6.00, 420000.00, 394800.00),
(43, 2, 5, 10, '2023-05-27', 4, '2023-06-03', '2023-06-03', 8.50, 560000.00, 512600.00),
(44, 8, 3, 7, '2023-01-17', 1, '2023-01-24', '2023-01-24', 4.00, 610000.00, 585600.00),
(45, 25, 6, 2, '2023-09-18', 5, '2023-09-24', '2023-09-24', 3.50, 670000.00, 646450.00),
(46, 4, 9, 9, '2023-11-04', 8, NULL, '2023-11-10', 10.00, 510000.00, 459000.00),
(47, 13, 7, 6, '2023-04-30', 3, '2023-05-06', '2023-05-06', 7.00, 490000.00, 455700.00),
(48, 6, 11, 10, '2023-02-11', 2, '2023-02-17', '2023-02-17', 5.00, 570000.00, 541500.00),
(49, 21, 2, 5, '2023-08-25', 7, '2023-09-01', '2023-09-01', 6.50, 640000.00, 598400.00),
(50, 9, 10, 4, '2023-12-15', 6, '2023-12-21', '2023-12-21', 3.00, 430000.00, 417100.00),
(51, 18, 9, 8, '2023-03-10', 5, NULL, '2023-03-16', 9.00, 680000.00, 618800.00),
(52, 20, 7, 3, '2023-06-12', 10, '2023-06-18', '2023-06-18', 2.50, 540000.00, 526500.00),
(53, 1, 12, 7, '2023-09-01', 4, '2023-09-07', '2023-09-07', 6.00, 450000.00, 423000.00),
(54, 24, 8, 2, '2023-01-15', 6, '2023-01-21', '2023-01-21', 5.00, 510000.00, 484500.00),
(55, 5, 3, 9, '2023-04-28', 1, NULL, '2023-05-04', 4.00, 610000.00, 585600.00),
(56, 11, 4, 5, '2023-07-22', 8, '2023-07-29', '2023-07-29', 0.00, 560000.00, 560000.00),
(57, 17, 10, 6, '2023-11-03', 2, '2023-11-10', '2023-11-10', 5.50, 520000.00, 491400.00),
(58, 7, 2, 1, '2023-08-14', 3, '2023-08-21', '2023-08-21', 3.00, 330000.00, 320100.00),
(59, 23, 11, 10, '2023-02-10', 9, '2023-02-16', '2023-02-16', 7.50, 580000.00, 536500.00),
(60, 14, 6, 4, '2023-05-05', 7, NULL, '2023-05-11', 10.00, 700000.00, 630000.00),
(61, 8, 7, 2, '2023-07-12', 6, '2023-07-18', '2023-07-18', 8.50, 650000.00, 594750.00),
(62, 15, 3, 5, '2023-10-21', 8, NULL, '2023-10-27', 6.00, 470000.00, 441800.00),
(63, 20, 9, 9, '2023-01-08', 1, '2023-01-15', '2023-01-15', 5.00, 610000.00, 579500.00),
(64, 4, 12, 10, '2023-03-20', 7, '2023-03-26', '2023-03-26', 10.00, 720000.00, 648000.00),
(65, 22, 6, 3, '2023-05-07', 2, '2023-05-13', '2023-05-13', 4.00, 530000.00, 508800.00),
(66, 10, 4, 4, '2023-09-01', 8, '2023-09-07', '2023-09-07', 7.00, 580000.00, 539400.00),
(67, 12, 11, 5, '2023-11-05', 9, '2023-11-11', '2023-11-11', 6.50, 490000.00, 458150.00),
(68, 14, 10, 7, '2023-02-17', 3, '2023-02-23', '2023-02-23', 3.00, 400000.00, 388000.00),
(69, 23, 2, 6, '2023-08-20', 10, '2023-08-27', '2023-08-27', 4.50, 570000.00, 544350.00),
(70, 19, 8, 8, '2023-12-14', 1, NULL, '2023-12-20', 2.00, 490000.00, 480200.00),
(71, 6, 12, 1, '2023-03-14', 4, '2023-03-21', '2023-03-21', 3.00, 560000.00, 542200.00),
(72, 11, 5, 3, '2023-07-05', 2, '2023-07-11', '2023-07-11', 5.00, 610000.00, 579500.00),
(73, 17, 7, 6, '2023-10-10', 5, '2023-10-16', '2023-10-16', 7.50, 690000.00, 638250.00),
(74, 2, 3, 9, '2023-05-08', 7, '2023-05-15', '2023-05-15', 6.00, 440000.00, 413600.00),
(75, 25, 8, 10, '2023-09-18', 3, NULL, '2023-09-24', 10.00, 720000.00, 648000.00),
(76, 9, 6, 2, '2023-01-19', 8, '2023-01-25', '2023-01-25', 8.50, 620000.00, 567700.00),
(77, 7, 11, 4, '2023-08-22', 10, '2023-08-28', '2023-08-28', 4.00, 590000.00, 566400.00),
(78, 13, 9, 7, '2023-12-02', 1, '2023-12-08', '2023-12-08', 6.50, 530000.00, 496050.00),
(79, 20, 10, 5, '2023-02-10', 6, '2023-02-16', '2023-02-16', 3.00, 480000.00, 465600.00),
(80, 18, 4, 3, '2023-04-23', 2, '2023-04-29', '2023-04-29', 5.50, 610000.00, 576450.00),
(81, 5, 8, 6, '2023-09-07', 9, NULL, '2023-09-13', 8.00, 530000.00, 487600.00),
(82, 15, 2, 10, '2023-02-22', 4, '2023-02-28', '2023-02-28', 10.00, 590000.00, 531000.00),
(83, 3, 7, 2, '2023-06-14', 1, '2023-06-20', '2023-06-20', 5.00, 610000.00, 579500.00),
(84, 24, 12, 8, '2023-01-30', 5, '2023-02-05', '2023-02-05', 6.50, 680000.00, 636600.00),
(85, 17, 11, 3, '2023-11-08', 6, '2023-11-14', '2023-11-14', 4.00, 570000.00, 547200.00),
(86, 10, 4, 7, '2023-04-18', 9, '2023-04-24', '2023-04-24', 7.50, 720000.00, 666000.00),
(87, 22, 10, 2, '2023-08-03', 3, '2023-08-09', '2023-08-09', 3.00, 490000.00, 475300.00),
(88, 19, 5, 5, '2023-03-29', 8, NULL, '2023-04-04', 5.00, 610000.00, 579500.00),
(89, 1, 6, 4, '2023-07-19', 10, '2023-07-25', '2023-07-25', 0.00, 420000.00, 420000.00),
(90, 21, 3, 1, '2023-05-12', 7, '2023-05-18', '2023-05-18', 6.00, 550000.00, 517000.00),
(91, 14, 8, 5, '2023-06-20', 9, '2023-06-26', '2023-06-26', 4.50, 580000.00, 553900.00),
(92, 8, 11, 6, '2023-09-03', 4, NULL, '2023-09-09', 7.00, 640000.00, 595200.00),
(93, 13, 12, 2, '2023-01-18', 7, '2023-01-24', '2023-01-24', 10.00, 710000.00, 639000.00),
(94, 4, 3, 8, '2023-04-11', 1, '2023-04-17', '2023-04-17', 3.00, 430000.00, 417100.00),
(95, 16, 2, 10, '2023-07-25', 5, '2023-07-31', '2023-07-31', 5.50, 590000.00, 557450.00),
(96, 25, 4, 3, '2023-10-12', 8, NULL, '2023-10-18', 8.00, 670000.00, 616400.00),
(97, 6, 10, 7, '2023-03-05', 2, '2023-03-11', '2023-03-11', 2.50, 490000.00, 477750.00),
(98, 12, 9, 1, '2023-05-30', 10, '2023-06-05', '2023-06-05', 6.50, 620000.00, 579700.00),
(99, 18, 5, 9, '2023-11-21', 3, '2023-11-27', '2023-11-27', 4.00, 530000.00, 508800.00),
(100, 9, 7, 4, '2023-02-15', 6, '2023-02-21', '2023-02-21', 0.00, 470000.00, 470000.00);
